<?xml version="1.0" encoding="UTF-8"?>
<Entities
 majorVersion="9"
 minorVersion="3"
 universal="password">
    <Mashups>
        <Mashup
         aspect.isFlex="true"
         aspect.isResponsive="true"
         aspect.mashupType="mashup"
         columns="0.0"
         description=""
         documentationContent=""
         homeMashup=""
         name="AzureFunctionMonitoringMashup"
         projectName="AzureFunctionMonitoringProject"
         rows="0.0"
         tags="">
            <avatar></avatar>
            <DesignTimePermissions>
                <Create></Create>
                <Read></Read>
                <Update></Update>
                <Delete></Delete>
                <Metadata></Metadata>
            </DesignTimePermissions>
            <RunTimePermissions>
                <Permissions
                 resourceName="*">
                    <PropertyRead>
                        <Principal
                         isPermitted="true"
                         name="AzureFunctionMonitoringGroup"
                         type="Group"></Principal>
                    </PropertyRead>
                    <PropertyWrite>
                        <Principal
                         isPermitted="true"
                         name="AzureFunctionMonitoringGroup"
                         type="Group"></Principal>
                    </PropertyWrite>
                    <ServiceInvoke>
                        <Principal
                         isPermitted="true"
                         name="AzureFunctionMonitoringGroup"
                         type="Group"></Principal>
                    </ServiceInvoke>
                    <EventInvoke>
                        <Principal
                         isPermitted="true"
                         name="AzureFunctionMonitoringGroup"
                         type="Group"></Principal>
                    </EventInvoke>
                    <EventSubscribe>
                        <Principal
                         isPermitted="true"
                         name="AzureFunctionMonitoringGroup"
                         type="Group"></Principal>
                    </EventSubscribe>
                </Permissions>
            </RunTimePermissions>
            <VisibilityPermissions>
                <Visibility>
                    <Principal
                     isPermitted="true"
                     name="AzureFunctionMonitoringOrganization"
                     type="Organization"></Principal>
                </Visibility>
            </VisibilityPermissions>
            <ConfigurationTableDefinitions></ConfigurationTableDefinitions>
            <ConfigurationTables>
                <ConfigurationTable
                 dataShapeName=""
                 description="Mashup Mobile Settings"
                 isHidden="true"
                 isMultiRow="false"
                 name="MobileSettings"
                 ordinal="0">
                    <DataShape>
                        <FieldDefinitions>
                            <FieldDefinition
                             aspect.defaultValue="false"
                             aspect.friendlyName="Disable Zoom"
                             baseType="BOOLEAN"
                             description="Disables zooming in and out within the mashup"
                             name="disableZoom"
                             ordinal="0"></FieldDefinition>
                            <FieldDefinition
                             aspect.defaultValue="true"
                             aspect.friendlyName="Full Screen Mode"
                             baseType="BOOLEAN"
                             description="Open the mashup in full screen mode"
                             name="fullScreenMode"
                             ordinal="0"></FieldDefinition>
                            <FieldDefinition
                             aspect.friendlyName="Height"
                             baseType="STRING"
                             description="The height of the mashup page"
                             name="height"
                             ordinal="0"></FieldDefinition>
                            <FieldDefinition
                             aspect.defaultValue="device-height"
                             aspect.friendlyName="Height Type"
                             baseType="STRING"
                             description="Use the height of the device display, or a custom height (in px)"
                             name="heightType"
                             ordinal="0"></FieldDefinition>
                            <FieldDefinition
                             aspect.defaultValue="1.0"
                             aspect.friendlyName="Initial Scale"
                             baseType="NUMBER"
                             description="The initial zoom scale when the mashup is loaded for the first time"
                             name="initialScale"
                             ordinal="0"></FieldDefinition>
                            <FieldDefinition
                             aspect.friendlyName="Shortcut Icon Title"
                             baseType="STRING"
                             description="A title for the mashup shortcut on the iOS home screen"
                             name="iosShortcutIconTitle"
                             ordinal="0"></FieldDefinition>
                            <FieldDefinition
                             aspect.defaultValue="black-translucent"
                             aspect.friendlyName="Status Bar Appearance"
                             baseType="STRING"
                             description="The style of the iOS status bar"
                             name="iosStatusBarAppearance"
                             ordinal="0"></FieldDefinition>
                            <FieldDefinition
                             aspect.defaultValue="10.0"
                             aspect.friendlyName="Maximum Scale"
                             baseType="NUMBER"
                             description="The maximum scale that users can zoom out to"
                             name="maximumScale"
                             ordinal="0"></FieldDefinition>
                            <FieldDefinition
                             aspect.defaultValue="0.1"
                             aspect.friendlyName="Minimum Scale"
                             baseType="NUMBER"
                             description="The minimum scale that users can zoom out to"
                             name="minimumScale"
                             ordinal="0"></FieldDefinition>
                            <FieldDefinition
                             aspect.friendlyName="Width"
                             baseType="STRING"
                             description="The width of the mashup page"
                             name="width"
                             ordinal="0"></FieldDefinition>
                            <FieldDefinition
                             aspect.defaultValue="device-width"
                             aspect.friendlyName="Width Type"
                             baseType="STRING"
                             description="Use the width of the device display, or a custom width (in px)"
                             name="widthType"
                             ordinal="0"></FieldDefinition>
                        </FieldDefinitions>
                    </DataShape>
                    <Rows>
                        <Row>
                            <disableZoom>false</disableZoom>
                            <fullScreenMode>true</fullScreenMode>
                            <height></height>
                            <heightType>
                            <![CDATA[
                            device-height
                            ]]>
                            </heightType>
                            <initialScale>1.0</initialScale>
                            <iosShortcutIconTitle></iosShortcutIconTitle>
                            <iosStatusBarAppearance>
                            <![CDATA[
                            black-translucent
                            ]]>
                            </iosStatusBarAppearance>
                            <maximumScale>10.0</maximumScale>
                            <minimumScale>0.1</minimumScale>
                            <width></width>
                            <widthType>
                            <![CDATA[
                            device-width
                            ]]>
                            </widthType>
                        </Row>
                    </Rows>
                </ConfigurationTable>
            </ConfigurationTables>
            <ParameterDefinitions></ParameterDefinitions>
            <Things></Things>
            <ThingShapes></ThingShapes>
            <ThingTemplates></ThingTemplates>
            <mashupContent>
            <![CDATA[
            {
              "CustomMashupCss" : "",
              "Data" : {
                "DynamicThingTemplates_AzureFunctionMonitoringDB" : {
                  "DataName" : "DynamicThingTemplates_AzureFunctionMonitoringDB",
                  "EntityName" : "AzureFunctionMonitoringDB",
                  "EntityType" : "DynamicThingTemplates",
                  "Id" : "7f589d90-f4cc-4aeb-b4ab-9b9cf0d9603c",
                  "RefreshInterval" : 0,
                  "Services" : [ {
                    "APIMethod" : "post",
                    "Characteristic" : "Services",
                    "Id" : "0d8856c9-3aba-4864-99b2-0bb6ae061863",
                    "Name" : "GetDistinctFunctionName",
                    "Parameters" : { },
                    "RefreshInterval" : 0,
                    "Target" : "GetDistinctFunctionName"
                  }, {
                    "APIMethod" : "post",
                    "Characteristic" : "Services",
                    "Id" : "853a0a78-27d2-4fbb-8f2b-88127170cec3",
                    "Name" : "GetDistinctIdentifier",
                    "Parameters" : { },
                    "RefreshInterval" : 0,
                    "Target" : "GetDistinctIdentifier"
                  }, {
                    "APIMethod" : "post",
                    "Characteristic" : "Services",
                    "Id" : "5d2b9e82-eae6-43ae-9f51-590677d9b911",
                    "Name" : "GetMonitoringValues",
                    "Parameters" : { },
                    "RefreshInterval" : 0,
                    "Target" : "GetMonitoringValues"
                  }, {
                    "APIMethod" : "post",
                    "Characteristic" : "Services",
                    "Id" : "b4b8da87-1e3a-43a1-9416-50a3a42a35ba",
                    "Name" : "GetDistinctContainer",
                    "Parameters" : { },
                    "RefreshInterval" : 0,
                    "Target" : "GetDistinctContainer"
                  } ]
                },
                "Session" : {
                  "DataName" : "Session",
                  "EntityName" : "",
                  "EntityType" : "Session",
                  "Id" : "session",
                  "Services" : [ {
                    "APIMethod" : "post",
                    "Characteristic" : "Services",
                    "Id" : "SessionInterface",
                    "Name" : "GetGlobalSessionValues",
                    "Parameters" : { },
                    "RefreshInterval" : 0,
                    "Target" : "GetGlobalSessionValues"
                  } ]
                },
                "Things_AzureFunctionMonitoringHelper" : {
                  "DataName" : "Things_AzureFunctionMonitoringHelper",
                  "EntityName" : "AzureFunctionMonitoringHelper",
                  "EntityType" : "Things",
                  "Id" : "e881ba1c-ebb0-4e19-83b3-a989e3e25d90",
                  "RefreshInterval" : 0,
                  "Services" : [ {
                    "APIMethod" : "post",
                    "Characteristic" : "Services",
                    "Id" : "fa4e1ffa-8bad-4aa0-b50c-3c17ad0c722b",
                    "Name" : "GetSystemsDropDown",
                    "Parameters" : { },
                    "RefreshInterval" : 0,
                    "Target" : "GetSystemsDropDown"
                  }, {
                    "APIMethod" : "post",
                    "Characteristic" : "Services",
                    "Id" : "7a39fcdd-2fb2-4799-b88e-97524fd39302",
                    "Name" : "GetChartTitel",
                    "Parameters" : { },
                    "RefreshInterval" : 0,
                    "Target" : "GetChartTitel"
                  }, {
                    "APIMethod" : "post",
                    "Characteristic" : "Services",
                    "Id" : "7f9bfcd6-3057-4c9c-82eb-f8a6100d2eba",
                    "Name" : "IsAvgVisible",
                    "Parameters" : { },
                    "RefreshInterval" : 0,
                    "Target" : "IsAvgVisible"
                  }, {
                    "APIMethod" : "post",
                    "Characteristic" : "Services",
                    "Id" : "93d2ea57-be26-49eb-91b2-9b16ed4862da",
                    "Name" : "GetAvgValues",
                    "Parameters" : { },
                    "RefreshInterval" : 0,
                    "Target" : "GetAvgValues"
                  }, {
                    "APIMethod" : "post",
                    "Characteristic" : "Services",
                    "Id" : "09bcf9a1-dca3-4464-bccf-1b6181c63775",
                    "Name" : "GetMaxValues",
                    "Parameters" : { },
                    "RefreshInterval" : 0,
                    "Target" : "GetMaxValues"
                  }, {
                    "APIMethod" : "post",
                    "Characteristic" : "Services",
                    "Id" : "8cd66656-79b7-4355-91e5-427de7e7a692",
                    "Name" : "GetAvgPercentage",
                    "Parameters" : { },
                    "RefreshInterval" : 0,
                    "Target" : "GetAvgPercentage"
                  } ]
                },
                "UserExtensions" : {
                  "DataName" : "UserExtensions",
                  "EntityName" : "",
                  "EntityType" : "UserExtensions",
                  "Id" : "UserExtensions",
                  "Services" : [ {
                    "APIMethod" : "post",
                    "Characteristic" : "Services",
                    "Id" : "UserExtensionInterface",
                    "Name" : "GetCurrentUserExtensionProperties",
                    "Parameters" : { },
                    "RefreshInterval" : 0,
                    "Target" : "GetCurrentUserExtensionProperties"
                  } ]
                }
              },
              "DataBindings" : [ {
                "Id" : "5c3cd063-01b7-41e5-a3f4-3f89fad49178",
                "PropertyMaps" : [ {
                  "SourceProperty" : "",
                  "SourcePropertyBaseType" : "INFOTABLE",
                  "SourcePropertyType" : "InfoTable",
                  "TargetProperty" : "Data",
                  "TargetPropertyBaseType" : "INFOTABLE",
                  "TargetPropertyType" : "property"
                } ],
                "SourceArea" : "Data",
                "SourceDetails" : "AllData",
                "SourceId" : "GetSystemsDropDown",
                "SourceSection" : "Things_AzureFunctionMonitoringHelper",
                "TargetArea" : "UI",
                "TargetId" : "ptcsdropdown-9",
                "TargetSection" : ""
              }, {
                "Id" : "ac796fc4-e4c1-4d6d-9cb2-e0fbc1160936",
                "PropertyMaps" : [ {
                  "SourceProperty" : "",
                  "SourcePropertyBaseType" : "INFOTABLE",
                  "SourcePropertyType" : "InfoTable",
                  "TargetProperty" : "Data",
                  "TargetPropertyBaseType" : "INFOTABLE",
                  "TargetPropertyType" : "property"
                } ],
                "SourceArea" : "Data",
                "SourceDetails" : "AllData",
                "SourceId" : "GetDistinctIdentifier",
                "SourceSection" : "DynamicThingTemplates_AzureFunctionMonitoringDB",
                "TargetArea" : "UI",
                "TargetId" : "ptcsdropdown-11",
                "TargetSection" : ""
              }, {
                "Id" : "9dcbe027-35fc-49bc-a6be-c9462e68d220",
                "PropertyMaps" : [ {
                  "SourceProperty" : "",
                  "SourcePropertyBaseType" : "INFOTABLE",
                  "SourcePropertyType" : "InfoTable",
                  "TargetProperty" : "Data",
                  "TargetPropertyBaseType" : "INFOTABLE",
                  "TargetPropertyType" : "property"
                } ],
                "SourceArea" : "Data",
                "SourceDetails" : "AllData",
                "SourceId" : "GetDistinctFunctionName",
                "SourceSection" : "DynamicThingTemplates_AzureFunctionMonitoringDB",
                "TargetArea" : "UI",
                "TargetId" : "ptcsdropdown-10",
                "TargetSection" : ""
              }, {
                "Id" : "4dd80903-0300-4d0c-a06f-3bbf90ba66f2",
                "PropertyMaps" : [ {
                  "SourceProperty" : "InternalName2",
                  "SourcePropertyBaseType" : "STRING",
                  "SourcePropertyType" : "Field",
                  "TargetProperty" : "stage",
                  "TargetPropertyBaseType" : "STRING",
                  "TargetPropertyType" : "Parameter"
                } ],
                "SourceArea" : "Data",
                "SourceDetails" : "SelectedRows",
                "SourceId" : "GetSystemsDropDown",
                "SourceSection" : "Things_AzureFunctionMonitoringHelper",
                "TargetArea" : "Data",
                "TargetId" : "GetDistinctFunctionName",
                "TargetSection" : "DynamicThingTemplates_AzureFunctionMonitoringDB"
              }, {
                "Id" : "f2df241f-f170-4731-803f-6ba2f107075a",
                "PropertyMaps" : [ {
                  "SourceProperty" : "InternalName2",
                  "SourcePropertyBaseType" : "STRING",
                  "SourcePropertyType" : "Field",
                  "TargetProperty" : "stage",
                  "TargetPropertyBaseType" : "STRING",
                  "TargetPropertyType" : "Parameter"
                } ],
                "SourceArea" : "Data",
                "SourceDetails" : "SelectedRows",
                "SourceId" : "GetSystemsDropDown",
                "SourceSection" : "Things_AzureFunctionMonitoringHelper",
                "TargetArea" : "Data",
                "TargetId" : "GetDistinctIdentifier",
                "TargetSection" : "DynamicThingTemplates_AzureFunctionMonitoringDB"
              }, {
                "Id" : "6befca80-4d56-4f17-a856-c86a831713ca",
                "PropertyMaps" : [ {
                  "SourceProperty" : "functionname",
                  "SourcePropertyBaseType" : "STRING",
                  "SourcePropertyType" : "Field",
                  "TargetProperty" : "functionname",
                  "TargetPropertyBaseType" : "STRING",
                  "TargetPropertyType" : "Parameter"
                } ],
                "SourceArea" : "Data",
                "SourceDetails" : "SelectedRows",
                "SourceId" : "GetDistinctFunctionName",
                "SourceSection" : "DynamicThingTemplates_AzureFunctionMonitoringDB",
                "TargetArea" : "Data",
                "TargetId" : "GetDistinctIdentifier",
                "TargetSection" : "DynamicThingTemplates_AzureFunctionMonitoringDB"
              }, {
                "Id" : "60de5263-7935-4bb8-a951-129bfc255137",
                "PropertyMaps" : [ {
                  "SourceProperty" : "DBEntity",
                  "SourcePropertyBaseType" : "STRING",
                  "SourcePropertyType" : "Field",
                  "TargetProperty" : "value",
                  "TargetPropertyBaseType" : "THINGNAME",
                  "TargetPropertyType" : "Entity"
                } ],
                "SourceArea" : "Data",
                "SourceDetails" : "SelectedRows",
                "SourceId" : "GetSystemsDropDown",
                "SourceSection" : "Things_AzureFunctionMonitoringHelper",
                "TargetArea" : "Data",
                "TargetId" : "EntityName",
                "TargetSection" : "DynamicThingTemplates_AzureFunctionMonitoringDB"
              }, {
                "Id" : "d88266e7-928c-4531-a782-5a121b62417f",
                "PropertyMaps" : [ {
                  "SourceProperty" : "InternalName2",
                  "SourcePropertyBaseType" : "STRING",
                  "SourcePropertyType" : "Field",
                  "TargetProperty" : "stage",
                  "TargetPropertyBaseType" : "STRING",
                  "TargetPropertyType" : "Parameter"
                } ],
                "SourceArea" : "Data",
                "SourceDetails" : "SelectedRows",
                "SourceId" : "GetSystemsDropDown",
                "SourceSection" : "Things_AzureFunctionMonitoringHelper",
                "TargetArea" : "Data",
                "TargetId" : "GetMonitoringValues",
                "TargetSection" : "DynamicThingTemplates_AzureFunctionMonitoringDB"
              }, {
                "Id" : "9e14c9da-15ea-4f8a-adad-120ec3186fe5",
                "PropertyMaps" : [ {
                  "SourceProperty" : "functionname",
                  "SourcePropertyBaseType" : "STRING",
                  "SourcePropertyType" : "Field",
                  "TargetProperty" : "functionname",
                  "TargetPropertyBaseType" : "STRING",
                  "TargetPropertyType" : "Parameter"
                } ],
                "SourceArea" : "Data",
                "SourceDetails" : "SelectedRows",
                "SourceId" : "GetDistinctFunctionName",
                "SourceSection" : "DynamicThingTemplates_AzureFunctionMonitoringDB",
                "TargetArea" : "Data",
                "TargetId" : "GetMonitoringValues",
                "TargetSection" : "DynamicThingTemplates_AzureFunctionMonitoringDB"
              }, {
                "Id" : "1177eb8b-6f0f-44fb-b5eb-6d8c19ae1af8",
                "PropertyMaps" : [ {
                  "SourceProperty" : "",
                  "SourcePropertyBaseType" : "INFOTABLE",
                  "SourcePropertyType" : "InfoTable",
                  "TargetProperty" : "Data",
                  "TargetPropertyBaseType" : "INFOTABLE",
                  "TargetPropertyType" : "property"
                } ],
                "SourceArea" : "Data",
                "SourceDetails" : "AllData",
                "SourceId" : "GetMonitoringValues",
                "SourceSection" : "DynamicThingTemplates_AzureFunctionMonitoringDB",
                "TargetArea" : "UI",
                "TargetId" : "timeSeriesChartV2-18",
                "TargetSection" : ""
              }, {
                "Id" : "4dba63a1-96a2-45a3-ae84-f0babc704d8e",
                "PropertyMaps" : [ {
                  "SourceProperty" : "functionname",
                  "SourcePropertyBaseType" : "STRING",
                  "SourcePropertyType" : "Field",
                  "TargetProperty" : "functionname",
                  "TargetPropertyBaseType" : "STRING",
                  "TargetPropertyType" : "Parameter"
                } ],
                "SourceArea" : "Data",
                "SourceDetails" : "SelectedRows",
                "SourceId" : "GetDistinctFunctionName",
                "SourceSection" : "DynamicThingTemplates_AzureFunctionMonitoringDB",
                "TargetArea" : "Data",
                "TargetId" : "GetChartTitel",
                "TargetSection" : "Things_AzureFunctionMonitoringHelper"
              }, {
                "Id" : "7a6d3ebd-e1eb-42e8-b14e-9294324a8a26",
                "PropertyMaps" : [ {
                  "SourceProperty" : "identifier",
                  "SourcePropertyBaseType" : "STRING",
                  "SourcePropertyType" : "Field",
                  "TargetProperty" : "identifier",
                  "TargetPropertyBaseType" : "STRING",
                  "TargetPropertyType" : "Parameter"
                } ],
                "SourceArea" : "Data",
                "SourceDetails" : "SelectedRows",
                "SourceId" : "GetDistinctIdentifier",
                "SourceSection" : "DynamicThingTemplates_AzureFunctionMonitoringDB",
                "TargetArea" : "Data",
                "TargetId" : "GetChartTitel",
                "TargetSection" : "Things_AzureFunctionMonitoringHelper"
              }, {
                "Id" : "8dc5a60b-f5c0-4ec1-9573-1cda00a540fc",
                "PropertyMaps" : [ {
                  "SourceProperty" : "result",
                  "SourcePropertyBaseType" : "STRING",
                  "SourcePropertyType" : "Field",
                  "TargetProperty" : "ChartTitle",
                  "TargetPropertyBaseType" : "STRING",
                  "TargetPropertyType" : "property"
                } ],
                "SourceArea" : "Data",
                "SourceDetails" : "AllData",
                "SourceId" : "GetChartTitel",
                "SourceSection" : "Things_AzureFunctionMonitoringHelper",
                "TargetArea" : "UI",
                "TargetId" : "timeSeriesChartV2-18",
                "TargetSection" : ""
              }, {
                "Id" : "12691c8e-c6d4-48a8-abca-74336b69f7cd",
                "PropertyMaps" : [ {
                  "SourceProperty" : "InternalName2",
                  "SourcePropertyBaseType" : "STRING",
                  "SourcePropertyType" : "Field",
                  "TargetProperty" : "stage",
                  "TargetPropertyBaseType" : "STRING",
                  "TargetPropertyType" : "Parameter"
                } ],
                "SourceArea" : "Data",
                "SourceDetails" : "SelectedRows",
                "SourceId" : "GetSystemsDropDown",
                "SourceSection" : "Things_AzureFunctionMonitoringHelper",
                "TargetArea" : "Data",
                "TargetId" : "GetDistinctContainer",
                "TargetSection" : "DynamicThingTemplates_AzureFunctionMonitoringDB"
              }, {
                "Id" : "eaa3ada2-9644-43f2-abf0-b82858fbc9c2",
                "PropertyMaps" : [ {
                  "SourceProperty" : "functionname",
                  "SourcePropertyBaseType" : "STRING",
                  "SourcePropertyType" : "Field",
                  "TargetProperty" : "functionname",
                  "TargetPropertyBaseType" : "STRING",
                  "TargetPropertyType" : "Parameter"
                } ],
                "SourceArea" : "Data",
                "SourceDetails" : "SelectedRows",
                "SourceId" : "GetDistinctFunctionName",
                "SourceSection" : "DynamicThingTemplates_AzureFunctionMonitoringDB",
                "TargetArea" : "Data",
                "TargetId" : "GetDistinctContainer",
                "TargetSection" : "DynamicThingTemplates_AzureFunctionMonitoringDB"
              }, {
                "Id" : "bb964949-ca48-40e5-b697-bea589dd1e9d",
                "PropertyMaps" : [ {
                  "SourceProperty" : "storagecontainer",
                  "SourcePropertyBaseType" : "STRING",
                  "SourcePropertyType" : "Field",
                  "TargetProperty" : "storagecontainer",
                  "TargetPropertyBaseType" : "STRING",
                  "TargetPropertyType" : "Parameter"
                } ],
                "SourceArea" : "Data",
                "SourceDetails" : "SelectedRows",
                "SourceId" : "GetDistinctContainer",
                "SourceSection" : "DynamicThingTemplates_AzureFunctionMonitoringDB",
                "TargetArea" : "Data",
                "TargetId" : "GetDistinctIdentifier",
                "TargetSection" : "DynamicThingTemplates_AzureFunctionMonitoringDB"
              }, {
                "Id" : "7058ccc3-caa5-4db9-890a-4c1ef0c43154",
                "PropertyMaps" : [ {
                  "SourceProperty" : "",
                  "SourcePropertyBaseType" : "INFOTABLE",
                  "SourcePropertyType" : "InfoTable",
                  "TargetProperty" : "Data",
                  "TargetPropertyBaseType" : "INFOTABLE",
                  "TargetPropertyType" : "property"
                } ],
                "SourceArea" : "Data",
                "SourceDetails" : "AllData",
                "SourceId" : "GetDistinctContainer",
                "SourceSection" : "DynamicThingTemplates_AzureFunctionMonitoringDB",
                "TargetArea" : "UI",
                "TargetId" : "ptcsdropdown-19",
                "TargetSection" : ""
              }, {
                "Id" : "27b1cd24-0858-4212-95f2-81f9288aa0a9",
                "PropertyMaps" : [ {
                  "SourceProperty" : "identifier",
                  "SourcePropertyBaseType" : "STRING",
                  "SourcePropertyType" : "Field",
                  "TargetProperty" : "identifier",
                  "TargetPropertyBaseType" : "STRING",
                  "TargetPropertyType" : "Parameter"
                } ],
                "SourceArea" : "Data",
                "SourceDetails" : "SelectedRows",
                "SourceId" : "GetDistinctIdentifier",
                "SourceSection" : "DynamicThingTemplates_AzureFunctionMonitoringDB",
                "TargetArea" : "Data",
                "TargetId" : "GetMonitoringValues",
                "TargetSection" : "DynamicThingTemplates_AzureFunctionMonitoringDB"
              }, {
                "Id" : "bef49b13-0fcf-4373-8f41-1cf9d444ef73",
                "PropertyMaps" : [ {
                  "SourceProperty" : "storagecontainer",
                  "SourcePropertyBaseType" : "STRING",
                  "SourcePropertyType" : "Field",
                  "TargetProperty" : "storagecontainer",
                  "TargetPropertyBaseType" : "STRING",
                  "TargetPropertyType" : "Parameter"
                } ],
                "SourceArea" : "Data",
                "SourceDetails" : "SelectedRows",
                "SourceId" : "GetDistinctContainer",
                "SourceSection" : "DynamicThingTemplates_AzureFunctionMonitoringDB",
                "TargetArea" : "Data",
                "TargetId" : "GetMonitoringValues",
                "TargetSection" : "DynamicThingTemplates_AzureFunctionMonitoringDB"
              }, {
                "Id" : "7005e00a-cefb-435a-8e20-abc9ac8f9c30",
                "PropertyMaps" : [ {
                  "SourceProperty" : "",
                  "SourcePropertyBaseType" : "INFOTABLE",
                  "SourcePropertyType" : "InfoTable",
                  "TargetProperty" : "AzureFunctionMonitoringDBResultsDS",
                  "TargetPropertyBaseType" : "INFOTABLE",
                  "TargetPropertyType" : "Parameter"
                } ],
                "SourceArea" : "Data",
                "SourceDetails" : "AllData",
                "SourceId" : "GetMonitoringValues",
                "SourceSection" : "DynamicThingTemplates_AzureFunctionMonitoringDB",
                "TargetArea" : "Data",
                "TargetId" : "GetAvgValues",
                "TargetSection" : "Things_AzureFunctionMonitoringHelper"
              }, {
                "Id" : "3cd1add8-9c1d-4a2b-ac4a-ec8810170b04",
                "PropertyMaps" : [ {
                  "SourceProperty" : "functionname",
                  "SourcePropertyBaseType" : "STRING",
                  "SourcePropertyType" : "Field",
                  "TargetProperty" : "functionname",
                  "TargetPropertyBaseType" : "STRING",
                  "TargetPropertyType" : "Parameter"
                } ],
                "SourceArea" : "Data",
                "SourceDetails" : "SelectedRows",
                "SourceId" : "GetDistinctFunctionName",
                "SourceSection" : "DynamicThingTemplates_AzureFunctionMonitoringDB",
                "TargetArea" : "Data",
                "TargetId" : "GetMaxValues",
                "TargetSection" : "Things_AzureFunctionMonitoringHelper"
              }, {
                "Id" : "5674324e-6151-4612-862e-8a8fcaf0da60",
                "PropertyMaps" : [ {
                  "SourceProperty" : "functionname",
                  "SourcePropertyBaseType" : "STRING",
                  "SourcePropertyType" : "Field",
                  "TargetProperty" : "functionname",
                  "TargetPropertyBaseType" : "STRING",
                  "TargetPropertyType" : "Parameter"
                } ],
                "SourceArea" : "Data",
                "SourceDetails" : "SelectedRows",
                "SourceId" : "GetDistinctFunctionName",
                "SourceSection" : "DynamicThingTemplates_AzureFunctionMonitoringDB",
                "TargetArea" : "Data",
                "TargetId" : "IsAvgVisible",
                "TargetSection" : "Things_AzureFunctionMonitoringHelper"
              }, {
                "Id" : "729f62bb-284b-4f67-b79e-b8703dd0bf02",
                "PropertyMaps" : [ {
                  "SourceProperty" : "identifier",
                  "SourcePropertyBaseType" : "STRING",
                  "SourcePropertyType" : "Field",
                  "TargetProperty" : "identifier",
                  "TargetPropertyBaseType" : "STRING",
                  "TargetPropertyType" : "Parameter"
                } ],
                "SourceArea" : "Data",
                "SourceDetails" : "SelectedRows",
                "SourceId" : "GetDistinctIdentifier",
                "SourceSection" : "DynamicThingTemplates_AzureFunctionMonitoringDB",
                "TargetArea" : "Data",
                "TargetId" : "GetMaxValues",
                "TargetSection" : "Things_AzureFunctionMonitoringHelper"
              }, {
                "Id" : "031cc674-b73d-4241-9060-8f41b006e211",
                "PropertyMaps" : [ {
                  "SourceProperty" : "identifier",
                  "SourcePropertyBaseType" : "STRING",
                  "SourcePropertyType" : "Field",
                  "TargetProperty" : "identifier",
                  "TargetPropertyBaseType" : "STRING",
                  "TargetPropertyType" : "Parameter"
                } ],
                "SourceArea" : "Data",
                "SourceDetails" : "SelectedRows",
                "SourceId" : "GetDistinctIdentifier",
                "SourceSection" : "DynamicThingTemplates_AzureFunctionMonitoringDB",
                "TargetArea" : "Data",
                "TargetId" : "IsAvgVisible",
                "TargetSection" : "Things_AzureFunctionMonitoringHelper"
              }, {
                "Id" : "9d4e8b3d-1d53-45a6-b457-60f98ecb51d8",
                "PropertyMaps" : [ {
                  "SourceProperty" : "result",
                  "SourcePropertyBaseType" : "BOOLEAN",
                  "SourcePropertyType" : "Field",
                  "TargetProperty" : "Visible",
                  "TargetPropertyBaseType" : "BOOLEAN",
                  "TargetPropertyType" : "property"
                } ],
                "SourceArea" : "Data",
                "SourceDetails" : "AllData",
                "SourceId" : "IsAvgVisible",
                "SourceSection" : "Things_AzureFunctionMonitoringHelper",
                "TargetArea" : "UI",
                "TargetId" : "gauge-23",
                "TargetSection" : ""
              }, {
                "Id" : "4955d35b-5fd3-4757-88fa-be95df282b6c",
                "PropertyMaps" : [ {
                  "SourceProperty" : "result",
                  "SourcePropertyBaseType" : "INTEGER",
                  "SourcePropertyType" : "Field",
                  "TargetProperty" : "MaxValue",
                  "TargetPropertyBaseType" : "NUMBER",
                  "TargetPropertyType" : "property"
                } ],
                "SourceArea" : "Data",
                "SourceDetails" : "AllData",
                "SourceId" : "GetMaxValues",
                "SourceSection" : "Things_AzureFunctionMonitoringHelper",
                "TargetArea" : "UI",
                "TargetId" : "gauge-23",
                "TargetSection" : ""
              }, {
                "Id" : "c096c013-e580-4b64-b3f2-68e0e20e2f62",
                "PropertyMaps" : [ {
                  "SourceProperty" : "result",
                  "SourcePropertyBaseType" : "INTEGER",
                  "SourcePropertyType" : "Field",
                  "TargetProperty" : "Data",
                  "TargetPropertyBaseType" : "NUMBER",
                  "TargetPropertyType" : "property"
                } ],
                "SourceArea" : "Data",
                "SourceDetails" : "AllData",
                "SourceId" : "GetAvgValues",
                "SourceSection" : "Things_AzureFunctionMonitoringHelper",
                "TargetArea" : "UI",
                "TargetId" : "gauge-23",
                "TargetSection" : ""
              }, {
                "Id" : "e2069ea9-37da-4f3d-ab6c-d4b180a6bc5f",
                "PropertyMaps" : [ {
                  "SourceProperty" : "functionname",
                  "SourcePropertyBaseType" : "STRING",
                  "SourcePropertyType" : "Field",
                  "TargetProperty" : "functionname",
                  "TargetPropertyBaseType" : "STRING",
                  "TargetPropertyType" : "Parameter"
                } ],
                "SourceArea" : "Data",
                "SourceDetails" : "SelectedRows",
                "SourceId" : "GetDistinctFunctionName",
                "SourceSection" : "DynamicThingTemplates_AzureFunctionMonitoringDB",
                "TargetArea" : "Data",
                "TargetId" : "GetAvgPercentage",
                "TargetSection" : "Things_AzureFunctionMonitoringHelper"
              }, {
                "Id" : "1dc55c13-f458-492a-ab16-64d7b6f27343",
                "PropertyMaps" : [ {
                  "SourceProperty" : "identifier",
                  "SourcePropertyBaseType" : "STRING",
                  "SourcePropertyType" : "Field",
                  "TargetProperty" : "identifier",
                  "TargetPropertyBaseType" : "STRING",
                  "TargetPropertyType" : "Parameter"
                } ],
                "SourceArea" : "Data",
                "SourceDetails" : "SelectedRows",
                "SourceId" : "GetDistinctIdentifier",
                "SourceSection" : "DynamicThingTemplates_AzureFunctionMonitoringDB",
                "TargetArea" : "Data",
                "TargetId" : "GetAvgPercentage",
                "TargetSection" : "Things_AzureFunctionMonitoringHelper"
              }, {
                "Id" : "9f7a9605-8cf7-404d-a652-b8282b72102a",
                "PropertyMaps" : [ {
                  "SourceProperty" : "result",
                  "SourcePropertyBaseType" : "NUMBER",
                  "SourcePropertyType" : "Field",
                  "TargetProperty" : "Data",
                  "TargetPropertyBaseType" : "NUMBER",
                  "TargetPropertyType" : "property"
                } ],
                "SourceArea" : "Data",
                "SourceDetails" : "AllData",
                "SourceId" : "GetAvgPercentage",
                "SourceSection" : "Things_AzureFunctionMonitoringHelper",
                "TargetArea" : "UI",
                "TargetId" : "gauge-24",
                "TargetSection" : ""
              }, {
                "Id" : "550c30fa-74e8-4f25-8da4-eb6d8bc053e7",
                "PropertyMaps" : [ {
                  "SourceProperty" : "result",
                  "SourcePropertyBaseType" : "BOOLEAN",
                  "SourcePropertyType" : "Field",
                  "TargetProperty" : "Visible",
                  "TargetPropertyBaseType" : "BOOLEAN",
                  "TargetPropertyType" : "property"
                } ],
                "SourceArea" : "Data",
                "SourceDetails" : "AllData",
                "SourceId" : "IsAvgVisible",
                "SourceSection" : "Things_AzureFunctionMonitoringHelper",
                "TargetArea" : "UI",
                "TargetId" : "gauge-24",
                "TargetSection" : ""
              }, {
                "Id" : "f32ff671-ab26-460e-8cbb-37512467a703",
                "PropertyMaps" : [ {
                  "SourceProperty" : "result",
                  "SourcePropertyBaseType" : "NUMBER",
                  "SourcePropertyType" : "Field",
                  "TargetProperty" : "avgvalue",
                  "TargetPropertyBaseType" : "NUMBER",
                  "TargetPropertyType" : "Parameter"
                } ],
                "SourceArea" : "Data",
                "SourceDetails" : "AllData",
                "SourceId" : "GetAvgValues",
                "SourceSection" : "Things_AzureFunctionMonitoringHelper",
                "TargetArea" : "Data",
                "TargetId" : "GetAvgPercentage",
                "TargetSection" : "Things_AzureFunctionMonitoringHelper"
              } ],
              "DesignTimePermissions" : {
                "Create" : [ ],
                "Delete" : [ ],
                "Metadata" : [ ],
                "Read" : [ ],
                "Update" : [ ]
              },
              "Events" : [ {
                "EventHandlerArea" : "Data",
                "EventHandlerId" : "Things_AzureFunctionMonitoringHelper",
                "EventHandlerService" : "GetSystemsDropDown",
                "EventTriggerArea" : "Mashup",
                "EventTriggerEvent" : "Loaded",
                "EventTriggerId" : "mashup-root",
                "EventTriggerSection" : "",
                "Id" : "c380938f-94b7-4355-993e-565261044527"
              }, {
                "EventHandlerArea" : "Data",
                "EventHandlerId" : "DynamicThingTemplates_AzureFunctionMonitoringDB",
                "EventHandlerService" : "GetDistinctFunctionName",
                "EventTriggerArea" : "UI",
                "EventTriggerEvent" : "SelectedItemsChanged",
                "EventTriggerId" : "ptcsdropdown-9",
                "EventTriggerSection" : "",
                "Id" : "0b7bef57-72ef-4fe4-bc61-c21bcd1ebd08"
              }, {
                "EventHandlerArea" : "Data",
                "EventHandlerId" : "DynamicThingTemplates_AzureFunctionMonitoringDB",
                "EventHandlerService" : "GetMonitoringValues",
                "EventTriggerArea" : "UI",
                "EventTriggerEvent" : "SelectedItemsChanged",
                "EventTriggerId" : "ptcsdropdown-11",
                "EventTriggerSection" : "",
                "Id" : "91e28af3-191c-4888-8abc-ceabcfd6cc37"
              }, {
                "EventHandlerArea" : "Data",
                "EventHandlerId" : "DynamicThingTemplates_AzureFunctionMonitoringDB",
                "EventHandlerService" : "GetDistinctIdentifier",
                "EventTriggerArea" : "UI",
                "EventTriggerEvent" : "SelectedItemsChanged",
                "EventTriggerId" : "ptcsdropdown-19",
                "EventTriggerSection" : "",
                "Id" : "06f3709f-4093-4d92-8105-d24fd94eb09c"
              }, {
                "EventHandlerArea" : "Data",
                "EventHandlerId" : "DynamicThingTemplates_AzureFunctionMonitoringDB",
                "EventHandlerService" : "GetMonitoringValues",
                "EventTriggerArea" : "UI",
                "EventTriggerEvent" : "Clicked",
                "EventTriggerId" : "ptcsbutton-21",
                "EventTriggerSection" : "",
                "Id" : "52f6b827-c06e-4304-aa63-cc6c47f05a72"
              }, {
                "EventHandlerArea" : "UI",
                "EventHandlerId" : "triggerButton-22",
                "EventHandlerService" : "Trigger1",
                "EventTriggerArea" : "UI",
                "EventTriggerEvent" : "SelectedItemsChanged",
                "EventTriggerId" : "ptcsdropdown-10",
                "EventTriggerSection" : "",
                "Id" : "acd6519c-fdc2-4685-a441-3f3ba4e49ab5"
              }, {
                "EventHandlerArea" : "UI",
                "EventHandlerId" : "triggerButton-22",
                "EventHandlerService" : "Trigger2",
                "EventTriggerArea" : "UI",
                "EventTriggerEvent" : "SelectedItemsChanged",
                "EventTriggerId" : "ptcsdropdown-11",
                "EventTriggerSection" : "",
                "Id" : "f3615b42-d43a-4696-9c9f-19e18ff4ac7b"
              }, {
                "EventHandlerArea" : "Data",
                "EventHandlerId" : "Things_AzureFunctionMonitoringHelper",
                "EventHandlerService" : "GetChartTitel",
                "EventTriggerArea" : "UI",
                "EventTriggerEvent" : "Triggered",
                "EventTriggerId" : "triggerButton-22",
                "EventTriggerSection" : "",
                "Id" : "8fc9d6ca-28eb-4b40-be04-91e0d61b8ab9"
              }, {
                "EventHandlerArea" : "Data",
                "EventHandlerId" : "DynamicThingTemplates_AzureFunctionMonitoringDB",
                "EventHandlerService" : "GetDistinctContainer",
                "EventTriggerArea" : "UI",
                "EventTriggerEvent" : "SelectedItemsChanged",
                "EventTriggerId" : "ptcsdropdown-10",
                "EventTriggerSection" : "",
                "Id" : "f4964965-4910-4963-8806-7848a1c7b5f1"
              }, {
                "EventHandlerArea" : "Data",
                "EventHandlerId" : "Things_AzureFunctionMonitoringHelper",
                "EventHandlerService" : "IsAvgVisible",
                "EventTriggerArea" : "UI",
                "EventTriggerEvent" : "Triggered",
                "EventTriggerId" : "triggerButton-22",
                "EventTriggerSection" : "",
                "Id" : "648a9e17-de6c-4396-82ea-7c54aba24d11"
              }, {
                "EventHandlerArea" : "Data",
                "EventHandlerId" : "Things_AzureFunctionMonitoringHelper",
                "EventHandlerService" : "GetMaxValues",
                "EventTriggerArea" : "UI",
                "EventTriggerEvent" : "Triggered",
                "EventTriggerId" : "triggerButton-22",
                "EventTriggerSection" : "",
                "Id" : "89a545dd-fcf7-4598-bcc8-8661201c213e"
              }, {
                "EventHandlerArea" : "Data",
                "EventHandlerId" : "Things_AzureFunctionMonitoringHelper",
                "EventHandlerService" : "GetAvgPercentage",
                "EventTriggerArea" : "Data",
                "EventTriggerEvent" : "ServiceInvokeCompleted",
                "EventTriggerId" : "GetAvgValues",
                "EventTriggerSection" : "Things_AzureFunctionMonitoringHelper",
                "Id" : "2b3384d2-8a3c-4346-b7df-340c5d760bbb"
              }, {
                "EventHandlerArea" : "Data",
                "EventHandlerId" : "Things_AzureFunctionMonitoringHelper",
                "EventHandlerService" : "GetAvgValues",
                "EventTriggerArea" : "Data",
                "EventTriggerEvent" : "ServiceInvokeCompleted",
                "EventTriggerId" : "GetMonitoringValues",
                "EventTriggerSection" : "DynamicThingTemplates_AzureFunctionMonitoringDB",
                "Id" : "37e0efdf-3c8f-44dd-bc25-9c2e4f445d0c"
              }, {
                "EventHandlerArea" : "UI",
                "EventHandlerId" : "triggerButton-22",
                "EventHandlerService" : "Trigger3",
                "EventTriggerArea" : "UI",
                "EventTriggerEvent" : "SelectedItemsChanged",
                "EventTriggerId" : "ptcsdropdown-9",
                "EventTriggerSection" : "",
                "Id" : "05f9c3e1-2ffc-4d60-b0e0-f7884276b9f2"
              }, {
                "EventHandlerArea" : "UI",
                "EventHandlerId" : "triggerButton-22",
                "EventHandlerService" : "Trigger4",
                "EventTriggerArea" : "UI",
                "EventTriggerEvent" : "SelectedItemsChanged",
                "EventTriggerId" : "ptcsdropdown-19",
                "EventTriggerSection" : "",
                "Id" : "3351b238-89db-4abe-8446-49bdd6f7c999"
              }, {
                "EventHandlerArea" : "Data",
                "EventHandlerId" : "DynamicThingTemplates_AzureFunctionMonitoringDB",
                "EventHandlerService" : "GetMonitoringValues",
                "EventTriggerArea" : "UI",
                "EventTriggerEvent" : "Validate",
                "EventTriggerId" : "ptcsdropdown-11",
                "EventTriggerSection" : "",
                "Id" : "ad69db1c-7cbd-4308-a6af-b727617c2700"
              } ],
              "Reminders" : [ ],
              "RunTimePermissions" : {
                "permissions" : [ ]
              },
              "UI" : {
                "Properties" : {
                  "AddToDashboardButton" : "SimplePlus",
                  "AddToDashboardButtonStyle" : "DefaultAddToDashboardButtonStyle",
                  "Area" : "Mashup",
                  "BGImage" : "",
                  "BGImageRepeat" : "no-repeat",
                  "BGImageSize" : "auto",
                  "Columns" : 0,
                  "ConfigureGadgetButton" : "SimpleGear",
                  "ConfigureGadgetButtonStyle" : "DefaultConfigureGadgetButtonStyle",
                  "DisplayName" : "Mashup",
                  "EnableParameterEditing" : false,
                  "Height" : 618,
                  "Id" : "mashup-root",
                  "IgnoreWarningsInViewMashup" : false,
                  "IsPrintLayout" : false,
                  "Left" : 0,
                  "Margin" : "5",
                  "MashupToEditGadget" : "DefaultMashupToEditGadget",
                  "MinHeight" : 0,
                  "MinWidth" : 0,
                  "ResponsiveLayout" : true,
                  "Rows" : 0,
                  "ShowDataLoading" : true,
                  "Style" : "DefaultMashupStyle",
                  "StyleTheme" : "PTC Convergence Theme",
                  "Title" : "",
                  "TitleBar" : false,
                  "TitleBarStyle" : "DefaultTitleBarStyle",
                  "TitleBarText" : "Gadget Title Here",
                  "Top" : 0,
                  "Type" : "mashup",
                  "UseMasterTheme" : false,
                  "UseTheme" : false,
                  "Visible" : true,
                  "Width" : 1024,
                  "Z-index" : 10,
                  "__TypeDisplayName" : "Mashup",
                  "flex-grow" : 0,
                  "id_index" : 25,
                  "secureExpressionsOnly" : true,
                  "supportsAutoResize" : true
                },
                "Widgets" : [ {
                  "Properties" : {
                    "Area" : "UI",
                    "CollapseTabIcon" : "",
                    "DisplayName" : "container-2",
                    "EnableContainerUnload" : false,
                    "EnableExpandCollapse" : false,
                    "ExpandCollapseTabLocation" : "inside",
                    "ExpandTabIcon" : "",
                    "Expanded" : true,
                    "Id" : "flexcontainer-2",
                    "LastContainer" : true,
                    "LazyLoading" : false,
                    "Margin" : "",
                    "Overlay" : false,
                    "ResponsiveLayout" : true,
                    "ShowDataLoading" : true,
                    "ShowExpandCollapseTab" : false,
                    "SourceURL" : "",
                    "Style" : "DefaultContainerStyle",
                    "StyleProperties" : { },
                    "Type" : "flexcontainer",
                    "UseTheme" : true,
                    "Visible" : true,
                    "Z-index" : 10,
                    "__TypeDisplayName" : "Flex Container",
                    "align-content" : "flex-start",
                    "align-items" : "flex-start",
                    "flex-basis" : "auto",
                    "flex-direction" : "column",
                    "flex-grow" : 1,
                    "flex-height" : 0,
                    "flex-max-height" : "",
                    "flex-max-width" : "",
                    "flex-min-height" : "",
                    "flex-min-width" : "",
                    "flex-shrink" : 0,
                    "flex-size" : "default",
                    "flex-width" : 0,
                    "flex-wrap" : "nowrap",
                    "iconClass" : "widgets-flexcontainer",
                    "justify-content" : "flex-start",
                    "positioning" : "responsive",
                    "userCannotRemove" : true
                  },
                  "Widgets" : [ {
                    "Properties" : {
                      "Area" : "UI",
                      "CollapseTabIcon" : "",
                      "DisplayName" : "Header",
                      "EnableContainerUnload" : false,
                      "EnableExpandCollapse" : false,
                      "ExpandCollapseTabLocation" : "inside",
                      "ExpandTabIcon" : "",
                      "Expanded" : true,
                      "Id" : "flexcontainer-4",
                      "LastContainer" : false,
                      "LazyLoading" : false,
                      "Margin" : "",
                      "Overlay" : false,
                      "ResponsiveLayout" : false,
                      "ShowDataLoading" : true,
                      "ShowExpandCollapseTab" : false,
                      "SourceURL" : "",
                      "Style" : "DefaultContainerStyle",
                      "StyleProperties" : { },
                      "Type" : "flexcontainer",
                      "UseTheme" : true,
                      "Visible" : true,
                      "Z-index" : 10,
                      "__TypeDisplayName" : "Flex Container",
                      "align-content" : "flex-start",
                      "align-items" : "flex-start",
                      "flex-basis" : "auto",
                      "flex-direction" : "row",
                      "flex-grow" : 1,
                      "flex-height" : 0,
                      "flex-max-height" : "100px",
                      "flex-max-width" : "",
                      "flex-min-height" : "100px",
                      "flex-min-width" : "",
                      "flex-shrink" : 0,
                      "flex-size" : "fixed",
                      "flex-width" : 0,
                      "flex-wrap" : "nowrap",
                      "iconClass" : "widgets-flexcontainer-fixed",
                      "isLocked" : false,
                      "justify-content" : "flex-start",
                      "positioning" : "static",
                      "userCannotRemove" : false
                    },
                    "Widgets" : [ {
                      "Properties" : {
                        "Area" : "UI",
                        "DisclosureControl" : "show-more",
                        "DisplayName" : "ptcs-label-8",
                        "HorizontalAlignment" : "left",
                        "Id" : "ptcslabel-8",
                        "LabelText" : "Azure Function Monitoring",
                        "LabelType" : "label",
                        "LastContainer" : false,
                        "Left" : 60,
                        "Margin" : "5",
                        "MultiLine" : true,
                        "PreserveWhiteSpace" : false,
                        "ResponsiveLayout" : false,
                        "ShowDataLoading" : true,
                        "Top" : 32,
                        "Type" : "ptcslabel",
                        "UseTheme" : true,
                        "VerticalAlignment" : "flex-start",
                        "Visible" : true,
                        "Z-index" : 10,
                        "__TypeDisplayName" : "Beschriftung",
                        "overflowShowLessTxt" : "[[showLess]]",
                        "overflowShowMoreTxt" : "[[showMore]]"
                      },
                      "Widgets" : [ ]
                    } ]
                  }, {
                    "Properties" : {
                      "Area" : "UI",
                      "CollapseTabIcon" : "",
                      "DisplayName" : "Body",
                      "EnableContainerUnload" : false,
                      "EnableExpandCollapse" : false,
                      "ExpandCollapseTabLocation" : "inside",
                      "ExpandTabIcon" : "",
                      "Expanded" : true,
                      "Id" : "flexcontainer-3",
                      "LastContainer" : true,
                      "LazyLoading" : false,
                      "Margin" : "",
                      "Overlay" : false,
                      "ResponsiveLayout" : false,
                      "ShowDataLoading" : true,
                      "ShowExpandCollapseTab" : false,
                      "SourceURL" : "",
                      "Style" : "DefaultContainerStyle",
                      "StyleProperties" : { },
                      "Type" : "flexcontainer",
                      "UseTheme" : true,
                      "Visible" : true,
                      "Z-index" : 10,
                      "__TypeDisplayName" : "Flex Container",
                      "align-content" : "flex-start",
                      "align-items" : "flex-start",
                      "flex-basis" : "auto",
                      "flex-direction" : "row",
                      "flex-grow" : 1,
                      "flex-height" : 0,
                      "flex-max-height" : "",
                      "flex-max-width" : "",
                      "flex-min-height" : "",
                      "flex-min-width" : "",
                      "flex-shrink" : 0,
                      "flex-size" : "default",
                      "flex-width" : 0,
                      "flex-wrap" : "nowrap",
                      "iconClass" : "widgets-flexcontainer",
                      "isLocked" : true,
                      "justify-content" : "flex-start",
                      "positioning" : "static",
                      "userCannotRemove" : false
                    },
                    "Widgets" : [ {
                      "Properties" : {
                        "Alignment" : "left",
                        "AllLabel" : "[[all]]",
                        "Area" : "UI",
                        "AutoSelectFirstRow" : false,
                        "ClearSelectedItemsLabel" : "[[clearSelectedItems]]",
                        "ClearSelectionItem" : true,
                        "ClearSelectionLabel" : "[[None]]",
                        "CriteriaMessage" : "",
                        "CriteriaMessageDetails" : "",
                        "Disabled" : false,
                        "DisplayField" : "DisplayName",
                        "DisplayFieldBaseType" : "STRING",
                        "DisplayName" : "Source System",
                        "FilterHintText" : "Filter",
                        "HintText" : "[[Select]]",
                        "Id" : "ptcsdropdown-9",
                        "ItemMeta" : {
                          "type" : "text"
                        },
                        "Label" : "Source System",
                        "LabelAlignment" : "left",
                        "LastContainer" : false,
                        "Left" : 60,
                        "ListFormat_StateParameters" : [ ],
                        "ListMarginTop" : 8,
                        "Margin" : "5",
                        "MultiSelect" : false,
                        "RequiredMessage" : "A selection is required",
                        "ResponsiveLayout" : false,
                        "RowHeight" : 30,
                        "SelectAllLabel" : "[[selectAll]]",
                        "SelectedLabel" : "[[selected]]",
                        "SelectedText" : "Europe Prod",
                        "ShowDataLoading" : true,
                        "ShowListFilter" : false,
                        "ShowValidationCriteria" : false,
                        "ShowValidationFailure" : false,
                        "ShowValidationSuccess" : false,
                        "SuccessMessage" : "",
                        "SuccessMessageDetails" : "",
                        "TabSequence" : 0,
                        "Top" : 10,
                        "Type" : "ptcsdropdown",
                        "UseTheme" : true,
                        "ValidationCriteriaIcon" : "cds:icon_info",
                        "ValidationFailureIcon" : "cds:icon_error",
                        "ValidationState" : "undefined",
                        "ValidationSuccessIcon" : "cds:icon_success",
                        "ValueRequired" : false,
                        "Visible" : true,
                        "Width" : 900,
                        "Z-index" : 10,
                        "__TypeDisplayName" : "Dropdown"
                      },
                      "Widgets" : [ ]
                    }, {
                      "Properties" : {
                        "Alignment" : "left",
                        "AllLabel" : "[[all]]",
                        "Area" : "UI",
                        "AutoSelectFirstRow" : true,
                        "ClearSelectedItemsLabel" : "[[clearSelectedItems]]",
                        "ClearSelectionItem" : true,
                        "ClearSelectionLabel" : "[[None]]",
                        "CriteriaMessage" : "",
                        "CriteriaMessageDetails" : "",
                        "Disabled" : false,
                        "DisplayField" : "functionname",
                        "DisplayFieldBaseType" : "STRING",
                        "DisplayName" : "Function Name",
                        "FilterHintText" : "Filter",
                        "HintText" : "[[Select]]",
                        "Id" : "ptcsdropdown-10",
                        "ItemMeta" : {
                          "type" : "text"
                        },
                        "Label" : "Function Name",
                        "LabelAlignment" : "left",
                        "LastContainer" : false,
                        "Left" : 60,
                        "ListFormat_StateParameters" : [ ],
                        "ListMarginTop" : 8,
                        "Margin" : "5",
                        "MultiSelect" : false,
                        "RequiredMessage" : "A selection is required",
                        "ResponsiveLayout" : false,
                        "RowHeight" : 30,
                        "SelectAllLabel" : "[[selectAll]]",
                        "SelectedLabel" : "[[selected]]",
                        "ShowDataLoading" : true,
                        "ShowListFilter" : false,
                        "ShowValidationCriteria" : false,
                        "ShowValidationFailure" : false,
                        "ShowValidationSuccess" : false,
                        "SuccessMessage" : "",
                        "SuccessMessageDetails" : "",
                        "TabSequence" : 0,
                        "Top" : 75,
                        "Type" : "ptcsdropdown",
                        "UseTheme" : true,
                        "ValidationCriteriaIcon" : "cds:icon_info",
                        "ValidationFailureIcon" : "cds:icon_error",
                        "ValidationState" : "undefined",
                        "ValidationSuccessIcon" : "cds:icon_success",
                        "ValueRequired" : false,
                        "Visible" : true,
                        "Width" : 900,
                        "Z-index" : 10,
                        "__TypeDisplayName" : "Dropdown"
                      },
                      "Widgets" : [ ]
                    }, {
                      "Properties" : {
                        "Alignment" : "left",
                        "AllLabel" : "[[all]]",
                        "Area" : "UI",
                        "AutoSelectFirstRow" : true,
                        "ClearSelectedItemsLabel" : "[[clearSelectedItems]]",
                        "ClearSelectionItem" : true,
                        "ClearSelectionLabel" : "[[None]]",
                        "CriteriaMessage" : "",
                        "CriteriaMessageDetails" : "",
                        "Disabled" : false,
                        "DisplayField" : "identifier",
                        "DisplayFieldBaseType" : "STRING",
                        "DisplayName" : "Identifier",
                        "FilterHintText" : "Filter",
                        "HintText" : "[[Select]]",
                        "Id" : "ptcsdropdown-11",
                        "ItemMeta" : {
                          "type" : "text"
                        },
                        "Label" : "Identifier",
                        "LabelAlignment" : "left",
                        "LastContainer" : false,
                        "Left" : 60,
                        "ListFormat_StateParameters" : [ ],
                        "ListMarginTop" : 8,
                        "Margin" : "5",
                        "MultiSelect" : false,
                        "RequiredMessage" : "A selection is required",
                        "ResponsiveLayout" : false,
                        "RowHeight" : 34,
                        "SelectAllLabel" : "[[selectAll]]",
                        "SelectedLabel" : "[[selected]]",
                        "ShowDataLoading" : true,
                        "ShowListFilter" : false,
                        "ShowValidationCriteria" : false,
                        "ShowValidationFailure" : false,
                        "ShowValidationSuccess" : false,
                        "SuccessMessage" : "",
                        "SuccessMessageDetails" : "",
                        "TabSequence" : 0,
                        "Top" : 205,
                        "Type" : "ptcsdropdown",
                        "UseTheme" : true,
                        "ValidationCriteriaIcon" : "cds:icon_info",
                        "ValidationFailureIcon" : "cds:icon_error",
                        "ValidationState" : "undefined",
                        "ValidationSuccessIcon" : "cds:icon_success",
                        "ValueRequired" : false,
                        "Visible" : true,
                        "Width" : 900,
                        "Z-index" : 10,
                        "__TypeDisplayName" : "Dropdown"
                      },
                      "Widgets" : [ ]
                    }, {
                      "Properties" : {
                        "Area" : "UI",
                        "AutoScale" : true,
                        "ChartAxisStyle" : "DefaultChartAxisStyle",
                        "ChartBodyStyle" : "DefaultChartStyle",
                        "ChartFocusStyle" : "DefaultButtonFocusStyle",
                        "ChartTitle" : "",
                        "ChartTitleAlignment" : "center",
                        "ChartTitleStyle" : "DefaultChartTitleStyle",
                        "DataField1" : "value",
                        "DisplayName" : "timeSeriesChartV2-18",
                        "Duration" : 500,
                        "FillArea" : false,
                        "Height" : 356,
                        "Id" : "timeSeriesChartV2-18",
                        "Interpolation" : "linear",
                        "LabelAngle" : 0,
                        "LastContainer" : false,
                        "Left" : 60,
                        "Margin" : "5",
                        "Margins" : "0,0,0,0",
                        "NumberOfSeries" : 1,
                        "Re-Sort" : true,
                        "ResponsiveLayout" : false,
                        "SeriesStyle1" : "DefaultChartStyle1",
                        "SeriesStyle2" : "DefaultChartStyle2",
                        "SeriesStyle3" : "DefaultChartStyle3",
                        "SeriesStyle4" : "DefaultChartStyle4",
                        "SeriesStyle5" : "DefaultChartStyle5",
                        "SeriesStyle6" : "DefaultChartStyle6",
                        "SeriesStyle7" : "DefaultChartStyle7",
                        "SeriesStyle8" : "DefaultChartStyle8",
                        "ShowAxisLabels" : true,
                        "ShowDataLoading" : true,
                        "ShowInteractiveGuideline" : false,
                        "ShowLegend" : true,
                        "ShowX-AxisLabels" : true,
                        "ShowY-AxisLabels" : true,
                        "ShowY-AxisMinMax" : true,
                        "ShowZoomStrip" : false,
                        "SingleDataSource" : true,
                        "TimeScale" : "auto",
                        "Top" : 285,
                        "Type" : "timeSeriesChartV2",
                        "Visible" : true,
                        "Width" : 707,
                        "X-AxisField" : "CreationTimeUTC",
                        "X-AxisFormat" : "",
                        "X-AxisIntervals" : "auto",
                        "X-AxisLabel" : "X Axis",
                        "X-AxisMaximum" : 100,
                        "X-AxisMinimum" : 0,
                        "Y-AxisLabel" : "Y Axis",
                        "Y-AxisMaximum" : 100,
                        "Y-AxisMinimum" : 0,
                        "Z-index" : 10,
                        "__TypeDisplayName" : "Time Series Chart"
                      },
                      "Widgets" : [ ]
                    }, {
                      "Properties" : {
                        "Alignment" : "left",
                        "AllLabel" : "[[all]]",
                        "Area" : "UI",
                        "AutoSelectFirstRow" : true,
                        "ClearSelectedItemsLabel" : "[[clearSelectedItems]]",
                        "ClearSelectionItem" : true,
                        "ClearSelectionLabel" : "[[None]]",
                        "CriteriaMessage" : "",
                        "CriteriaMessageDetails" : "",
                        "Disabled" : false,
                        "DisplayField" : "storagecontainer",
                        "DisplayFieldBaseType" : "STRING",
                        "DisplayName" : "storagecontainer",
                        "FilterHintText" : "Filter",
                        "HintText" : "[[Select]]",
                        "Id" : "ptcsdropdown-19",
                        "ItemMeta" : {
                          "type" : "text"
                        },
                        "Label" : "Storage Container",
                        "LabelAlignment" : "left",
                        "LastContainer" : false,
                        "Left" : 60,
                        "ListFormat_StateParameters" : [ ],
                        "ListMarginTop" : 8,
                        "Margin" : "5",
                        "MultiSelect" : false,
                        "RequiredMessage" : "A selection is required",
                        "ResponsiveLayout" : false,
                        "RowHeight" : 30,
                        "SelectAllLabel" : "[[selectAll]]",
                        "SelectedLabel" : "[[selected]]",
                        "ShowDataLoading" : true,
                        "ShowListFilter" : false,
                        "ShowValidationCriteria" : false,
                        "ShowValidationFailure" : false,
                        "ShowValidationSuccess" : false,
                        "SuccessMessage" : "",
                        "SuccessMessageDetails" : "",
                        "TabSequence" : 0,
                        "Top" : 140,
                        "Type" : "ptcsdropdown",
                        "UseTheme" : true,
                        "ValidationCriteriaIcon" : "cds:icon_info",
                        "ValidationFailureIcon" : "cds:icon_error",
                        "ValidationState" : "undefined",
                        "ValidationSuccessIcon" : "cds:icon_success",
                        "ValueRequired" : false,
                        "Visible" : true,
                        "Width" : 900,
                        "Z-index" : 10,
                        "__TypeDisplayName" : "Dropdown"
                      },
                      "Widgets" : [ ]
                    }, {
                      "Properties" : {
                        "Area" : "UI",
                        "ButtonType" : "primary",
                        "ContextID" : "",
                        "Disabled" : false,
                        "DisplayName" : "ptcs-button-21",
                        "Id" : "ptcsbutton-21",
                        "Label" : "Refresh",
                        "LabelAlignment" : "center",
                        "LastContainer" : false,
                        "Left" : 59,
                        "Margin" : "5",
                        "MultiLine" : false,
                        "ResponsiveLayout" : false,
                        "ShowDataLoading" : true,
                        "TabSequence" : 0,
                        "Top" : 662,
                        "Type" : "ptcsbutton",
                        "UseTheme" : true,
                        "Visible" : true,
                        "Z-index" : 10,
                        "__TypeDisplayName" : "Schaltfläche"
                      },
                      "Widgets" : [ ]
                    }, {
                      "Properties" : {
                        "Area" : "UI",
                        "DisplayName" : "triggerButton-22",
                        "Id" : "triggerButton-22",
                        "LastContainer" : false,
                        "Left" : 204,
                        "Margin" : "5",
                        "ResponsiveLayout" : false,
                        "ShowDataLoading" : true,
                        "Top" : 666,
                        "TriggerIndex" : 0,
                        "Type" : "triggerButton",
                        "Visible" : true,
                        "Z-index" : 10,
                        "__TypeDisplayName" : "Trigger Service"
                      },
                      "Widgets" : [ ]
                    }, {
                      "Properties" : {
                        "Aperture" : 270,
                        "Area" : "UI",
                        "CenterDiameter" : 20,
                        "CenterStyle" : "DefaultGaugeCenterStyle",
                        "DisplayName" : "gauge-23",
                        "FormatNeedle" : true,
                        "GaugeBorder" : 20,
                        "GaugeBorderStyle" : "DefaultGaugeBorderStyle",
                        "GaugeFaceStyle" : "DefaultGaugeFaceStyle",
                        "GaugeStyle" : "DefaultGaugeStyle",
                        "Height" : 180,
                        "Id" : "gauge-23",
                        "Intervals" : 10,
                        "IntervalsPerLabel" : 2,
                        "LabelDecimals" : 0,
                        "LabelDigits" : 3,
                        "LabelDisplayMode" : "inside",
                        "LabelStyle" : "DefaultGaugeLabelStyle",
                        "LastContainer" : false,
                        "Left" : 776,
                        "Legend" : "Throuput [files]",
                        "LegendDisplayMode" : "bottom",
                        "LegendStyle" : "DefaultGaugeLegendStyle",
                        "Margin" : "5",
                        "MaxValue" : 100,
                        "MinValue" : 0,
                        "MinorTickLength" : 4,
                        "MinorTicks" : 4,
                        "NeedleDiameter" : 10,
                        "NeedleStyle" : "DefaultGaugeNeedleStyle",
                        "ReferenceAngle" : 225,
                        "ResponsiveLayout" : false,
                        "RingWidth" : 10,
                        "ShowDataLoading" : true,
                        "TickLength" : 8,
                        "TickStyle" : "DefaultGaugeTickStyle",
                        "ToolTipField" : "",
                        "ToolTipStyle" : "DefaultTooltipStyle",
                        "Top" : 285,
                        "Type" : "gauge",
                        "ValueDecimals" : 0,
                        "ValueDigits" : 3,
                        "ValueDisplayMode" : "none",
                        "ValueFormatter_StateParameters" : [ ],
                        "ValueStyle" : "DefaultGaugeValueStyle",
                        "Visible" : true,
                        "Width" : 180,
                        "Z-index" : 10,
                        "__TypeDisplayName" : "Anzeige",
                        "__supportsTooltip" : true
                      },
                      "Widgets" : [ ]
                    }, {
                      "Properties" : {
                        "Aperture" : 270,
                        "Area" : "UI",
                        "CenterDiameter" : 20,
                        "CenterStyle" : "DefaultGaugeCenterStyle",
                        "DisplayName" : "gauge-24",
                        "FormatNeedle" : true,
                        "GaugeBorder" : 20,
                        "GaugeBorderStyle" : "DefaultGaugeBorderStyle",
                        "GaugeFaceStyle" : "DefaultGaugeFaceStyle",
                        "GaugeStyle" : "DefaultGaugeStyle",
                        "Height" : 160,
                        "Id" : "gauge-24",
                        "Intervals" : 10,
                        "IntervalsPerLabel" : 2,
                        "LabelDecimals" : 0,
                        "LabelDigits" : 3,
                        "LabelDisplayMode" : "inside",
                        "LabelStyle" : "DefaultGaugeLabelStyle",
                        "LastContainer" : false,
                        "Left" : 776,
                        "Legend" : "Throuput [%]",
                        "LegendDisplayMode" : "bottom",
                        "LegendStyle" : "DefaultGaugeLegendStyle",
                        "Margin" : "5",
                        "MaxValue" : 100,
                        "MinValue" : 0,
                        "MinorTickLength" : 4,
                        "MinorTicks" : 4,
                        "NeedleDiameter" : 10,
                        "NeedleStyle" : "DefaultGaugeNeedleStyle",
                        "ReferenceAngle" : 225,
                        "ResponsiveLayout" : false,
                        "RingWidth" : 10,
                        "ShowDataLoading" : true,
                        "TickLength" : 8,
                        "TickStyle" : "DefaultGaugeTickStyle",
                        "ToolTipField" : "",
                        "ToolTipStyle" : "DefaultTooltipStyle",
                        "Top" : 479,
                        "Type" : "gauge",
                        "ValueDecimals" : 0,
                        "ValueDigits" : 3,
                        "ValueDisplayMode" : "none",
                        "ValueFormatter_StateParameters" : [ ],
                        "ValueStyle" : "DefaultGaugeValueStyle",
                        "Visible" : true,
                        "Width" : 180,
                        "Z-index" : 10,
                        "__TypeDisplayName" : "Anzeige",
                        "__supportsTooltip" : true
                      },
                      "Widgets" : [ ]
                    } ]
                  } ]
                } ]
              },
              "mashupType" : "mashup"
            }
            ]]>
            </mashupContent>
            <preview></preview>
        </Mashup>
    </Mashups>
</Entities>
