<?xml version="1.0" encoding="UTF-8"?>
<Entities
 majorVersion="9"
 minorVersion="3"
 universal="password">
    <Organizations>
        <Organization
         description=""
         documentationContent=""
         homeMashup=""
         loginButtonStyle=""
         loginPrompt=""
         loginResetPassword="false"
         loginStyle=""
         mobileMashup=""
         name="AzureFunctionMonitoringOrganization"
         projectName="AzureFunctionMonitoringProject"
         resetMailContent="&lt;p&gt;[[resetemail.requestmade]]&lt;/p&gt;&lt;p&gt;[[resetemail.instructions]]&lt;/p&gt;&lt;p&gt;[[resetemail.helpneeded]]&lt;/p&gt;"
         resetMailServer=""
         resetMailSubject="[[resetemail.subject]]"
         tags="">
            <avatar></avatar>
            <DesignTimePermissions>
                <Create></Create>
                <Read></Read>
                <Update></Update>
                <Delete></Delete>
                <Metadata></Metadata>
            </DesignTimePermissions>
            <RunTimePermissions></RunTimePermissions>
            <VisibilityPermissions>
                <Visibility>
                    <Principal
                     isPermitted="true"
                     name="AzureFunctionMonitoringOrganization"
                     type="Organization"></Principal>
                </Visibility>
            </VisibilityPermissions>
            <ConfigurationTableDefinitions></ConfigurationTableDefinitions>
            <ConfigurationTables></ConfigurationTables>
            <loginImage></loginImage>
            <Connections>
                <Connection
                 from=""
                 to="AzureFunctionMonitoring"></Connection>
            </Connections>
            <OrganizationalUnits>
                <OrganizationalUnit
                 description=""
                 name="AzureFunctionMonitoring">
                    <Members>
                        <Members>
                            <Member
                             name="AzureFunctionMonitoringGroup"
                             type="Group"></Member>
                        </Members>
                    </Members>
                </OrganizationalUnit>
            </OrganizationalUnits>
        </Organization>
    </Organizations>
</Entities>
