<?xml version="1.0" encoding="UTF-8"?>
<Entities
 majorVersion="9"
 minorVersion="3"
 universal="password">
    <Projects>
        <Project
         artifactId=""
         aspect.projectType="Component"
         dependsOn="{&quot;extensions&quot;:&quot;chartWidget_ExtensionPackage:3.0.106,KBGlobalsmartKPI:1.12.1452,TriggerWidget-extension:8.2.1&quot;,&quot;projects&quot;:&quot;&quot;}"
         description=""
         documentationContent=""
         groupId=""
         homeMashup=""
         minPlatformVersion=""
         name="AzureFunctionMonitoringProject"
         packageVersion="1.0.0"
         projectName="AzureFunctionMonitoringProject"
         publishResult=""
         state="DRAFT"
         tags="">
            <avatar></avatar>
            <DesignTimePermissions>
                <Create></Create>
                <Read></Read>
                <Update></Update>
                <Delete></Delete>
                <Metadata></Metadata>
            </DesignTimePermissions>
            <RunTimePermissions></RunTimePermissions>
            <VisibilityPermissions>
                <Visibility>
                    <Principal
                     isPermitted="true"
                     name="AzureFunctionMonitoringOrganization"
                     type="Organization"></Principal>
                </Visibility>
            </VisibilityPermissions>
            <ConfigurationTableDefinitions></ConfigurationTableDefinitions>
            <ConfigurationTables></ConfigurationTables>
        </Project>
    </Projects>
</Entities>
